index,id,atlas_id,name,acronym,st_level,ontology_id,hemisphere_id,weight,parent_structure_id,depth,graph_id,graph_order,structure_id_path,color_hex_triplet,neuro_name_structure_id,neuro_name_structure_id_path,failed,sphinx_id,structure_name_facet,failed_facet,safe_name,R,G,B
360,541,350,Temporal association areas,TEa,,1,3,8690,315,6,1,360,/997/8/567/688/695/315/541/,15B0B3,0,,f,361,2147483647,734881840,Temporal association areas,0.082352941,0.690196078,0.701960784
361,97,1002,Temporal association areas layer 1,TEa1,,1,3,8690,541,7,1,361,/997/8/567/688/695/315/541/97/,15B0B3,0,,f,362,456768453,734881840,Temporal association areas layer 1,0.082352941,0.690196078,0.701960784
362,1127,706,Temporal association areas layer 2/3,TEa2/3,,1,3,8690,541,7,1,362,/997/8/567/688/695/315/541/1127/,15B0B3,0,,f,363,74295275,734881840,Temporal association areas layer 2/3,0.082352941,0.690196078,0.701960784
363,234,1019,Temporal association areas layer 4,TEa4,,1,3,8690,541,7,1,363,/997/8/567/688/695/315/541/234/,15B0B3,0,,f,364,1800621898,734881840,Temporal association areas layer 4,0.082352941,0.690196078,0.701960784
364,289,1026,Temporal association areas layer 5,TEa5,,1,3,8690,541,7,1,364,/997/8/567/688/695/315/541/289/,15B0B3,0,,f,365,475299804,734881840,Temporal association areas layer 5,0.082352941,0.690196078,0.701960784
365,729,1081,Temporal association areas layer 6a,TEa6a,,1,3,8690,541,7,1,365,/997/8/567/688/695/315/541/729/,15B0B3,0,,f,366,1289955072,734881840,Temporal association areas layer 6a,0.082352941,0.690196078,0.701960784
366,786,1088,Temporal association areas layer 6b,TEa6b,,1,3,8690,541,7,1,366,/997/8/567/688/695/315/541/786/,15B0B3,0,,f,367,2147483647,734881840,Temporal association areas layer 6b,0.082352941,0.690196078,0.701960784